id,node_id,name,full_name,url,commits_url,downloads_url,issues_url,pulls_url,created_at,language,forks
104547510,MDEwOlJlcG9zaXRvcnkxMDQ1NDc1MTA=,And64InlineHook,Rprop/And64InlineHook,https://api.github.com/repos/Rprop/And64InlineHook,https://api.github.com/repos/Rprop/And64InlineHook/commits{/sha},https://api.github.com/repos/Rprop/And64InlineHook/downloads,https://api.github.com/repos/Rprop/And64InlineHook/issues{/number},https://api.github.com/repos/Rprop/And64InlineHook/pulls{/number},2017-09-23T06:46:37Z,C++,194
103022216,MDEwOlJlcG9zaXRvcnkxMDMwMjIyMTY=,aarch64_armv81extension,Antid0teCom/aarch64_armv81extension,https://api.github.com/repos/Antid0teCom/aarch64_armv81extension,https://api.github.com/repos/Antid0teCom/aarch64_armv81extension/commits{/sha},https://api.github.com/repos/Antid0teCom/aarch64_armv81extension/downloads,https://api.github.com/repos/Antid0teCom/aarch64_armv81extension/issues{/number},https://api.github.com/repos/Antid0teCom/aarch64_armv81extension/pulls{/number},2017-09-10T10:51:49Z,C++,8
102762982,MDEwOlJlcG9zaXRvcnkxMDI3NjI5ODI=,AArch64,Rprop/AArch64,https://api.github.com/repos/Rprop/AArch64,https://api.github.com/repos/Rprop/AArch64/commits{/sha},https://api.github.com/repos/Rprop/AArch64/downloads,https://api.github.com/repos/Rprop/AArch64/issues{/number},https://api.github.com/repos/Rprop/AArch64/pulls{/number},2017-09-07T16:52:46Z,C++,1
102724745,MDEwOlJlcG9zaXRvcnkxMDI3MjQ3NDU=,aur-zlib-aarch64,xvzf/aur-zlib-aarch64,https://api.github.com/repos/xvzf/aur-zlib-aarch64,https://api.github.com/repos/xvzf/aur-zlib-aarch64/commits{/sha},https://api.github.com/repos/xvzf/aur-zlib-aarch64/downloads,https://api.github.com/repos/xvzf/aur-zlib-aarch64/issues{/number},https://api.github.com/repos/xvzf/aur-zlib-aarch64/pulls{/number},2017-09-07T10:37:02Z,Shell,0
102745590,MDEwOlJlcG9zaXRvcnkxMDI3NDU1OTA=,aur-libattr-aarch64,xvzf/aur-libattr-aarch64,https://api.github.com/repos/xvzf/aur-libattr-aarch64,https://api.github.com/repos/xvzf/aur-libattr-aarch64/commits{/sha},https://api.github.com/repos/xvzf/aur-libattr-aarch64/downloads,https://api.github.com/repos/xvzf/aur-libattr-aarch64/issues{/number},https://api.github.com/repos/xvzf/aur-libattr-aarch64/pulls{/number},2017-09-07T14:16:17Z,Shell,0
102739873,MDEwOlJlcG9zaXRvcnkxMDI3Mzk4NzM=,aur-libutil-linux-aarch64,xvzf/aur-libutil-linux-aarch64,https://api.github.com/repos/xvzf/aur-libutil-linux-aarch64,https://api.github.com/repos/xvzf/aur-libutil-linux-aarch64/commits{/sha},https://api.github.com/repos/xvzf/aur-libutil-linux-aarch64/downloads,https://api.github.com/repos/xvzf/aur-libutil-linux-aarch64/issues{/number},https://api.github.com/repos/xvzf/aur-libutil-linux-aarch64/pulls{/number},2017-09-07T13:24:47Z,Shell,0
102104194,MDEwOlJlcG9zaXRvcnkxMDIxMDQxOTQ=,openjdk8-aarch64_be,vascokk/openjdk8-aarch64_be,https://api.github.com/repos/vascokk/openjdk8-aarch64_be,https://api.github.com/repos/vascokk/openjdk8-aarch64_be/commits{/sha},https://api.github.com/repos/vascokk/openjdk8-aarch64_be/downloads,https://api.github.com/repos/vascokk/openjdk8-aarch64_be/issues{/number},https://api.github.com/repos/vascokk/openjdk8-aarch64_be/pulls{/number},2017-09-01T10:55:23Z,Java,1
102121495,MDEwOlJlcG9zaXRvcnkxMDIxMjE0OTU=,rust_cli_androidapp,segfo/rust_cli_androidapp,https://api.github.com/repos/segfo/rust_cli_androidapp,https://api.github.com/repos/segfo/rust_cli_androidapp/commits{/sha},https://api.github.com/repos/segfo/rust_cli_androidapp/downloads,https://api.github.com/repos/segfo/rust_cli_androidapp/issues{/number},https://api.github.com/repos/segfo/rust_cli_androidapp/pulls{/number},2017-09-01T14:31:33Z,Rust,0
104716398,MDEwOlJlcG9zaXRvcnkxMDQ3MTYzOTg=,python-aarch64,ric03uec/python-aarch64,https://api.github.com/repos/ric03uec/python-aarch64,https://api.github.com/repos/ric03uec/python-aarch64/commits{/sha},https://api.github.com/repos/ric03uec/python-aarch64/downloads,https://api.github.com/repos/ric03uec/python-aarch64/issues{/number},https://api.github.com/repos/ric03uec/python-aarch64/pulls{/number},2017-09-25T07:18:33Z,None,0
102103353,MDEwOlJlcG9zaXRvcnkxMDIxMDMzNTM=,openjdk8-aarch64_be-toolchain,vascokk/openjdk8-aarch64_be-toolchain,https://api.github.com/repos/vascokk/openjdk8-aarch64_be-toolchain,https://api.github.com/repos/vascokk/openjdk8-aarch64_be-toolchain/commits{/sha},https://api.github.com/repos/vascokk/openjdk8-aarch64_be-toolchain/downloads,https://api.github.com/repos/vascokk/openjdk8-aarch64_be-toolchain/issues{/number},https://api.github.com/repos/vascokk/openjdk8-aarch64_be-toolchain/pulls{/number},2017-09-01T10:43:35Z,HTML,0
104053810,MDEwOlJlcG9zaXRvcnkxMDQwNTM4MTA=,centos-kernel-package,xin3liang/centos-kernel-package,https://api.github.com/repos/xin3liang/centos-kernel-package,https://api.github.com/repos/xin3liang/centos-kernel-package/commits{/sha},https://api.github.com/repos/xin3liang/centos-kernel-package/downloads,https://api.github.com/repos/xin3liang/centos-kernel-package/issues{/number},https://api.github.com/repos/xin3liang/centos-kernel-package/pulls{/number},2017-09-19T09:18:40Z,Perl,0
106262472,MDEwOlJlcG9zaXRvcnkxMDYyNjI0NzI=,ubuntu64-rpi,txy7795679/ubuntu64-rpi,https://api.github.com/repos/txy7795679/ubuntu64-rpi,https://api.github.com/repos/txy7795679/ubuntu64-rpi/commits{/sha},https://api.github.com/repos/txy7795679/ubuntu64-rpi/downloads,https://api.github.com/repos/txy7795679/ubuntu64-rpi/issues{/number},https://api.github.com/repos/txy7795679/ubuntu64-rpi/pulls{/number},2017-10-09T09:21:03Z,None,141
106627491,MDEwOlJlcG9zaXRvcnkxMDY2Mjc0OTE=,tensorflow-aarch64,lherman-cs/tensorflow-aarch64,https://api.github.com/repos/lherman-cs/tensorflow-aarch64,https://api.github.com/repos/lherman-cs/tensorflow-aarch64/commits{/sha},https://api.github.com/repos/lherman-cs/tensorflow-aarch64/downloads,https://api.github.com/repos/lherman-cs/tensorflow-aarch64/issues{/number},https://api.github.com/repos/lherman-cs/tensorflow-aarch64/pulls{/number},2017-10-12T01:08:22Z,None,7
106463919,MDEwOlJlcG9zaXRvcnkxMDY0NjM5MTk=,cloudsuite-aarch64,fleandr/cloudsuite-aarch64,https://api.github.com/repos/fleandr/cloudsuite-aarch64,https://api.github.com/repos/fleandr/cloudsuite-aarch64/commits{/sha},https://api.github.com/repos/fleandr/cloudsuite-aarch64/downloads,https://api.github.com/repos/fleandr/cloudsuite-aarch64/issues{/number},https://api.github.com/repos/fleandr/cloudsuite-aarch64/pulls{/number},2017-10-10T19:50:08Z,PHP,2
107135654,MDEwOlJlcG9zaXRvcnkxMDcxMzU2NTQ=,tracas,thvnx/tracas,https://api.github.com/repos/thvnx/tracas,https://api.github.com/repos/thvnx/tracas/commits{/sha},https://api.github.com/repos/thvnx/tracas/downloads,https://api.github.com/repos/thvnx/tracas/issues{/number},https://api.github.com/repos/thvnx/tracas/pulls{/number},2017-10-16T14:04:01Z,OCaml,0
106486959,MDEwOlJlcG9zaXRvcnkxMDY0ODY5NTk=,ArmInt,anydream/ArmInt,https://api.github.com/repos/anydream/ArmInt,https://api.github.com/repos/anydream/ArmInt/commits{/sha},https://api.github.com/repos/anydream/ArmInt/downloads,https://api.github.com/repos/anydream/ArmInt/issues{/number},https://api.github.com/repos/anydream/ArmInt/pulls{/number},2017-10-11T00:45:13Z,C++,0
107832062,MDEwOlJlcG9zaXRvcnkxMDc4MzIwNjI=,TinyCore-AARCH64,PocketCluster/TinyCore-AARCH64,https://api.github.com/repos/PocketCluster/TinyCore-AARCH64,https://api.github.com/repos/PocketCluster/TinyCore-AARCH64/commits{/sha},https://api.github.com/repos/PocketCluster/TinyCore-AARCH64/downloads,https://api.github.com/repos/PocketCluster/TinyCore-AARCH64/issues{/number},https://api.github.com/repos/PocketCluster/TinyCore-AARCH64/pulls{/number},2017-10-22T02:42:19Z,None,0
105606873,MDEwOlJlcG9zaXRvcnkxMDU2MDY4NzM=,aarch64_armv81extension,semi-erect/aarch64_armv81extension,https://api.github.com/repos/semi-erect/aarch64_armv81extension,https://api.github.com/repos/semi-erect/aarch64_armv81extension/commits{/sha},https://api.github.com/repos/semi-erect/aarch64_armv81extension/downloads,https://api.github.com/repos/semi-erect/aarch64_armv81extension/issues{/number},https://api.github.com/repos/semi-erect/aarch64_armv81extension/pulls{/number},2017-10-03T02:27:35Z,C++,0
111773036,MDEwOlJlcG9zaXRvcnkxMTE3NzMwMzY=,tensorflow-aarch64-crossbuild,xifengcun/tensorflow-aarch64-crossbuild,https://api.github.com/repos/xifengcun/tensorflow-aarch64-crossbuild,https://api.github.com/repos/xifengcun/tensorflow-aarch64-crossbuild/commits{/sha},https://api.github.com/repos/xifengcun/tensorflow-aarch64-crossbuild/downloads,https://api.github.com/repos/xifengcun/tensorflow-aarch64-crossbuild/issues{/number},https://api.github.com/repos/xifengcun/tensorflow-aarch64-crossbuild/pulls{/number},2017-11-23T06:41:44Z,None,7
111342362,MDEwOlJlcG9zaXRvcnkxMTEzNDIzNjI=,aarch64-tensorflow,itdaniher/aarch64-tensorflow,https://api.github.com/repos/itdaniher/aarch64-tensorflow,https://api.github.com/repos/itdaniher/aarch64-tensorflow/commits{/sha},https://api.github.com/repos/itdaniher/aarch64-tensorflow/downloads,https://api.github.com/repos/itdaniher/aarch64-tensorflow/issues{/number},https://api.github.com/repos/itdaniher/aarch64-tensorflow/pulls{/number},2017-11-20T00:00:32Z,None,3
111867265,MDEwOlJlcG9zaXRvcnkxMTE4NjcyNjU=,OpenNI2-TX1,mikeh9/OpenNI2-TX1,https://api.github.com/repos/mikeh9/OpenNI2-TX1,https://api.github.com/repos/mikeh9/OpenNI2-TX1/commits{/sha},https://api.github.com/repos/mikeh9/OpenNI2-TX1/downloads,https://api.github.com/repos/mikeh9/OpenNI2-TX1/issues{/number},https://api.github.com/repos/mikeh9/OpenNI2-TX1/pulls{/number},2017-11-24T02:24:40Z,C++,5
112139023,MDEwOlJlcG9zaXRvcnkxMTIxMzkwMjM=,bfstub,ktemkin-archive/bfstub,https://api.github.com/repos/ktemkin-archive/bfstub,https://api.github.com/repos/ktemkin-archive/bfstub/commits{/sha},https://api.github.com/repos/ktemkin-archive/bfstub/downloads,https://api.github.com/repos/ktemkin-archive/bfstub/issues{/number},https://api.github.com/repos/ktemkin-archive/bfstub/pulls{/number},2017-11-27T02:47:15Z,C++,1
111041809,MDEwOlJlcG9zaXRvcnkxMTEwNDE4MDk=,aarch64,henrisk-hwh/aarch64,https://api.github.com/repos/henrisk-hwh/aarch64,https://api.github.com/repos/henrisk-hwh/aarch64/commits{/sha},https://api.github.com/repos/henrisk-hwh/aarch64/downloads,https://api.github.com/repos/henrisk-hwh/aarch64/issues{/number},https://api.github.com/repos/henrisk-hwh/aarch64/pulls{/number},2017-11-17T01:22:45Z,None,0
110520551,MDEwOlJlcG9zaXRvcnkxMTA1MjA1NTE=,eigen,cambriconandroid/eigen,https://api.github.com/repos/cambriconandroid/eigen,https://api.github.com/repos/cambriconandroid/eigen/commits{/sha},https://api.github.com/repos/cambriconandroid/eigen/downloads,https://api.github.com/repos/cambriconandroid/eigen/issues{/number},https://api.github.com/repos/cambriconandroid/eigen/pulls{/number},2017-11-13T08:25:59Z,None,0
111020496,MDEwOlJlcG9zaXRvcnkxMTEwMjA0OTY=,jetsontx2-opencv-tf,charlielito/jetsontx2-opencv-tf,https://api.github.com/repos/charlielito/jetsontx2-opencv-tf,https://api.github.com/repos/charlielito/jetsontx2-opencv-tf/commits{/sha},https://api.github.com/repos/charlielito/jetsontx2-opencv-tf/downloads,https://api.github.com/repos/charlielito/jetsontx2-opencv-tf/issues{/number},https://api.github.com/repos/charlielito/jetsontx2-opencv-tf/pulls{/number},2017-11-16T20:46:35Z,None,0
111209390,MDEwOlJlcG9zaXRvcnkxMTEyMDkzOTA=,docker-binfmt-register,yen3/docker-binfmt-register,https://api.github.com/repos/yen3/docker-binfmt-register,https://api.github.com/repos/yen3/docker-binfmt-register/commits{/sha},https://api.github.com/repos/yen3/docker-binfmt-register/downloads,https://api.github.com/repos/yen3/docker-binfmt-register/issues{/number},https://api.github.com/repos/yen3/docker-binfmt-register/pulls{/number},2017-11-18T13:51:09Z,Shell,1
109496769,MDEwOlJlcG9zaXRvcnkxMDk0OTY3Njk=,aarch64-emulation,atgreen/aarch64-emulation,https://api.github.com/repos/atgreen/aarch64-emulation,https://api.github.com/repos/atgreen/aarch64-emulation/commits{/sha},https://api.github.com/repos/atgreen/aarch64-emulation/downloads,https://api.github.com/repos/atgreen/aarch64-emulation/issues{/number},https://api.github.com/repos/atgreen/aarch64-emulation/pulls{/number},2017-11-04T13:27:14Z,None,0
114065635,MDEwOlJlcG9zaXRvcnkxMTQwNjU2MzU=,aarch64-build-box,nix-community/aarch64-build-box,https://api.github.com/repos/nix-community/aarch64-build-box,https://api.github.com/repos/nix-community/aarch64-build-box/commits{/sha},https://api.github.com/repos/nix-community/aarch64-build-box/downloads,https://api.github.com/repos/nix-community/aarch64-build-box/issues{/number},https://api.github.com/repos/nix-community/aarch64-build-box/pulls{/number},2017-12-13T02:51:16Z,Nix,97
112926122,MDEwOlJlcG9zaXRvcnkxMTI5MjYxMjI=,aarch64,matteyeux/aarch64,https://api.github.com/repos/matteyeux/aarch64,https://api.github.com/repos/matteyeux/aarch64/commits{/sha},https://api.github.com/repos/matteyeux/aarch64/downloads,https://api.github.com/repos/matteyeux/aarch64/issues{/number},https://api.github.com/repos/matteyeux/aarch64/pulls{/number},2017-12-03T12:30:28Z,Assembly,3
115840247,MDEwOlJlcG9zaXRvcnkxMTU4NDAyNDc=,docker-mosquitto-arm64,brettmiller/docker-mosquitto-arm64,https://api.github.com/repos/brettmiller/docker-mosquitto-arm64,https://api.github.com/repos/brettmiller/docker-mosquitto-arm64/commits{/sha},https://api.github.com/repos/brettmiller/docker-mosquitto-arm64/downloads,https://api.github.com/repos/brettmiller/docker-mosquitto-arm64/issues{/number},https://api.github.com/repos/brettmiller/docker-mosquitto-arm64/pulls{/number},2017-12-31T03:32:54Z,Dockerfile,1
113287293,MDEwOlJlcG9zaXRvcnkxMTMyODcyOTM=,u16cpp,scriptnull/u16cpp,https://api.github.com/repos/scriptnull/u16cpp,https://api.github.com/repos/scriptnull/u16cpp/commits{/sha},https://api.github.com/repos/scriptnull/u16cpp/downloads,https://api.github.com/repos/scriptnull/u16cpp/issues{/number},https://api.github.com/repos/scriptnull/u16cpp/pulls{/number},2017-12-06T08:07:16Z,Shell,0
115743678,MDEwOlJlcG9zaXRvcnkxMTU3NDM2Nzg=,tensorflow-1.4.0-cp35-cp35m-linux_aarch64,lukejocz/tensorflow-1.4.0-cp35-cp35m-linux_aarch64,https://api.github.com/repos/lukejocz/tensorflow-1.4.0-cp35-cp35m-linux_aarch64,https://api.github.com/repos/lukejocz/tensorflow-1.4.0-cp35-cp35m-linux_aarch64/commits{/sha},https://api.github.com/repos/lukejocz/tensorflow-1.4.0-cp35-cp35m-linux_aarch64/downloads,https://api.github.com/repos/lukejocz/tensorflow-1.4.0-cp35-cp35m-linux_aarch64/issues{/number},https://api.github.com/repos/lukejocz/tensorflow-1.4.0-cp35-cp35m-linux_aarch64/pulls{/number},2017-12-29T18:06:12Z,None,0
